instance,n_customers,n_vehicles_available,capacity,timeout_s,status,status_name,total_cost,vehicles_used,solve_time_s
C1_10_1.txt,1000,250,200,60.0,0,SUCCESS,42478.951633930206,100,61.74151274561882
C1_10_1.txt,1000,250,200,10.0,0,SUCCESS,43521.20808672905,119,10.578501801937819
C1_10_1.txt,1000,250,200,5.0,0,SUCCESS,46066.589722037315,139,5.369041319936514
C1_10_1.txt,1000,250,200,2.0,0,SUCCESS,49092.04623055458,162,3.2118708603084087
C1_10_10.txt,1000,250,200,60.0,0,SUCCESS,42541.417642354965,90,60.41345415264368
C1_10_10.txt,1000,250,200,10.0,0,SUCCESS,42261.14437150955,95,10.47922795638442
C1_10_10.txt,1000,250,200,5.0,0,SUCCESS,42969.93494904041,105,5.359279531985521
C1_10_10.txt,1000,250,200,2.0,0,SUCCESS,45078.325410962105,122,2.8984062634408474
C1_10_2.txt,1000,250,200,60.0,0,SUCCESS,44658.60193002224,91,60.41944820061326
C1_10_2.txt,1000,250,200,10.0,0,SUCCESS,42540.14962089062,100,10.35372056812048
C1_10_2.txt,1000,250,200,5.0,0,SUCCESS,43507.35826981068,110,5.577705942094326
C1_10_2.txt,1000,250,200,2.0,0,SUCCESS,45647.49578988552,128,3.1448375396430492
C1_10_3.txt,1000,250,200,60.0,0,SUCCESS,42153.669758319855,90,60.42222314700484
C1_10_3.txt,1000,250,200,10.0,0,SUCCESS,43264.77309048176,91,10.475729025900364
C1_10_3.txt,1000,250,200,5.0,0,SUCCESS,43296.662626862526,96,5.38830204308033
C1_10_3.txt,1000,250,200,2.0,0,SUCCESS,44012.66830289364,106,2.775060784071684
C1_10_4.txt,1000,250,200,60.0,0,SUCCESS,41106.182744026184,90,60.42589171975851
C1_10_4.txt,1000,250,200,10.0,0,SUCCESS,42641.06864178181,90,10.6427305303514
C1_10_4.txt,1000,250,200,5.0,0,SUCCESS,42770.396897792816,90,5.458492137491703
C1_10_4.txt,1000,250,200,2.0,0,SUCCESS,42484.719839692116,97,2.3725286573171616
C1_10_5.txt,1000,250,200,60.0,0,SUCCESS,42470.72669649124,100,61.24545628577471
C1_10_5.txt,1000,250,200,10.0,0,SUCCESS,43515.96569478512,119,10.24786814302206
C1_10_5.txt,1000,250,200,5.0,0,SUCCESS,44614.21614718437,130,9.663215927779675
C1_10_5.txt,1000,250,200,2.0,0,SUCCESS,46798.68669116497,149,3.1750054843723774
C1_10_6.txt,1000,250,200,60.0,0,SUCCESS,42471.28603327274,100,63.08682377636433
C1_10_6.txt,1000,250,200,10.0,0,SUCCESS,43546.834495306015,119,10.667674705386162
C1_10_6.txt,1000,250,200,5.0,0,SUCCESS,45089.093027591705,131,9.898379813879728
C1_10_6.txt,1000,250,200,2.0,0,SUCCESS,47128.338971853256,146,3.268378861248493
C1_10_7.txt,1000,250,200,60.0,0,SUCCESS,42574.88586091995,100,61.41353066638112
C1_10_7.txt,1000,250,200,10.0,0,SUCCESS,43478.46116948128,115,10.55507805198431
C1_10_7.txt,1000,250,200,5.0,0,SUCCESS,44132.599316716194,124,7.366081845015287
C1_10_7.txt,1000,250,200,2.0,0,SUCCESS,46154.20273792744,141,2.4937382712960243
C1_10_8.txt,1000,250,200,60.0,0,SUCCESS,42333.178711652756,95,60.523741621524096
C1_10_8.txt,1000,250,200,10.0,0,SUCCESS,42493.728746175766,105,10.38329752907157
C1_10_8.txt,1000,250,200,5.0,0,SUCCESS,43908.1700758934,119,5.429247446358204
C1_10_8.txt,1000,250,200,2.0,0,SUCCESS,46698.13178837299,135,2.553304247558117
C1_10_9.txt,1000,250,200,60.0,0,SUCCESS,43175.59608101845,90,60.41364673525095
C1_10_9.txt,1000,250,200,10.0,0,SUCCESS,42308.862464904785,101,10.46409172937274
C1_10_9.txt,1000,250,200,5.0,0,SUCCESS,43789.87106573582,110,5.500025440007448
C1_10_9.txt,1000,250,200,2.0,0,SUCCESS,45047.98124194145,125,2.6225226186215878
C2_10_1.txt,1000,250,700,60.0,0,SUCCESS,16879.241828918457,30,60.21891275420785
C2_10_1.txt,1000,250,700,10.0,0,SUCCESS,18000.03998720646,39,10.122961841523647
C2_10_1.txt,1000,250,700,5.0,0,SUCCESS,18702.904388070107,43,5.248755358159542
C2_10_1.txt,1000,250,700,2.0,0,SUCCESS,19041.666170954704,45,2.222649123519659
C2_10_10.txt,1000,250,700,60.0,0,SUCCESS,15947.999280571938,30,60.207108709961176
C2_10_10.txt,1000,250,700,10.0,0,SUCCESS,17345.991043806076,33,10.482937902212143
C2_10_10.txt,1000,250,700,5.0,0,SUCCESS,17691.97082924843,36,5.296294696629047
C2_10_10.txt,1000,250,700,2.0,0,SUCCESS,18937.752252578735,43,2.266278848052025
C2_10_2.txt,1000,250,700,60.0,0,SUCCESS,16542.67654836178,30,60.20485808327794
C2_10_2.txt,1000,250,700,10.0,0,SUCCESS,17327.26124250889,34,11.9218989610672
C2_10_2.txt,1000,250,700,5.0,0,SUCCESS,18165.99913907051,38,5.219036817550659
C2_10_2.txt,1000,250,700,2.0,0,SUCCESS,19512.218538165092,43,2.3297172524034977
C2_10_3.txt,1000,250,700,60.0,0,SUCCESS,16715.81174314022,30,60.25982853025198
C2_10_3.txt,1000,250,700,10.0,0,SUCCESS,17370.366084337234,33,10.214386276900768
C2_10_3.txt,1000,250,700,5.0,0,SUCCESS,18182.215598106384,37,5.314160048961639
C2_10_3.txt,1000,250,700,2.0,0,SUCCESS,19631.550451636314,40,2.3407668247818947
C2_10_4.txt,1000,250,700,60.0,0,SUCCESS,17011.04481601715,30,60.54858918860555
C2_10_4.txt,1000,250,700,10.0,0,SUCCESS,17385.769875884056,33,10.476410485804081
C2_10_4.txt,1000,250,700,5.0,0,SUCCESS,18520.96113193035,35,5.211004175245762
C2_10_4.txt,1000,250,700,2.0,0,SUCCESS,18892.978393912315,38,2.7306528128683567
C2_10_5.txt,1000,250,700,60.0,0,SUCCESS,16612.609637379646,30,60.23926082998514
C2_10_5.txt,1000,250,700,10.0,0,SUCCESS,17886.190539479256,36,10.29838266596198
C2_10_5.txt,1000,250,700,5.0,0,SUCCESS,18195.54198372364,39,5.208224307745695
C2_10_5.txt,1000,250,700,2.0,0,SUCCESS,19461.59036743641,46,2.269258864223957
C2_10_6.txt,1000,250,700,60.0,0,SUCCESS,16391.82045662403,30,60.272673685103655
C2_10_6.txt,1000,250,700,10.0,0,SUCCESS,17122.269535899162,33,10.293969377875328
C2_10_6.txt,1000,250,700,5.0,0,SUCCESS,18179.76887857914,39,5.243982028216124
C2_10_6.txt,1000,250,700,2.0,0,SUCCESS,19264.35839164257,45,2.2208791598677635
C2_10_7.txt,1000,250,700,60.0,0,SUCCESS,16479.853500843048,30,60.37092334032059
C2_10_7.txt,1000,250,700,10.0,0,SUCCESS,17605.21884381771,34,10.250830795615911
C2_10_7.txt,1000,250,700,5.0,0,SUCCESS,18329.504381895065,39,5.236754480749369
C2_10_7.txt,1000,250,700,2.0,0,SUCCESS,19928.76452565193,44,2.3150242902338505
C2_10_8.txt,1000,250,700,60.0,0,SUCCESS,16319.558958649635,30,60.32411336153746
C2_10_8.txt,1000,250,700,10.0,0,SUCCESS,17303.090999484062,34,10.316329035907984
C2_10_8.txt,1000,250,700,5.0,0,SUCCESS,18275.167032122612,38,5.210171181708574
C2_10_8.txt,1000,250,700,2.0,0,SUCCESS,19377.550810813904,44,2.2669337801635265
C2_10_9.txt,1000,250,700,60.0,0,SUCCESS,16657.37202811241,30,60.51301222294569
C2_10_9.txt,1000,250,700,10.0,0,SUCCESS,17627.254694461823,34,10.406540978699923
C2_10_9.txt,1000,250,700,5.0,0,SUCCESS,18284.052095770836,38,5.209405709058046
C2_10_9.txt,1000,250,700,2.0,0,SUCCESS,19258.328327536583,44,2.2059521600604057
R1_10_1.txt,1000,250,200,60.0,0,SUCCESS,55145.303032159805,100,60.457382429391146
R1_10_1.txt,1000,250,200,10.0,0,SUCCESS,56115.79862856865,100,10.46396553516388
R1_10_1.txt,1000,250,200,5.0,0,SUCCESS,56757.48460769653,100,5.3503909558057785
R1_10_1.txt,1000,250,200,2.0,0,SUCCESS,56961.32284128666,101,2.7123280726373196
R1_10_10.txt,1000,250,200,60.0,0,SUCCESS,52051.28910624981,91,60.79352504387498
R1_10_10.txt,1000,250,200,10.0,0,SUCCESS,53892.353998184204,91,10.587528869509697
R1_10_10.txt,1000,250,200,5.0,0,SUCCESS,50834.14954817295,92,5.432594954967499
R1_10_10.txt,1000,250,200,2.0,0,SUCCESS,50879.71742892265,92,2.6216392256319523
R1_10_2.txt,1000,250,200,60.0,0,SUCCESS,53637.78216910362,91,60.42730072885752
R1_10_2.txt,1000,250,200,10.0,0,SUCCESS,51627.87757456303,92,10.547827932983637
R1_10_2.txt,1000,250,200,5.0,0,SUCCESS,52210.462743639946,92,5.4401901587843895
R1_10_2.txt,1000,250,200,2.0,0,SUCCESS,52391.79396724701,92,2.9840695336461067
R1_10_3.txt,1000,250,200,60.0,0,SUCCESS,48414.649121403694,91,60.53063124418259
R1_10_3.txt,1000,250,200,10.0,0,SUCCESS,49631.867614507675,91,10.559602677822113
R1_10_3.txt,1000,250,200,5.0,0,SUCCESS,50460.85484910011,91,5.633133314549923
R1_10_3.txt,1000,250,200,2.0,0,SUCCESS,48538.47095787525,92,2.9295944683253765
R1_10_4.txt,1000,250,200,60.0,0,SUCCESS,45163.92823421955,91,60.82997031509876
R1_10_4.txt,1000,250,200,10.0,0,SUCCESS,46180.89769613743,91,10.46250730380416
R1_10_4.txt,1000,250,200,5.0,0,SUCCESS,46427.11094403267,91,5.3519792929291725
R1_10_4.txt,1000,250,200,2.0,0,SUCCESS,45247.29771363735,92,2.687871690839529
R1_10_5.txt,1000,250,200,60.0,0,SUCCESS,56158.34499287605,91,60.668720960617065
R1_10_5.txt,1000,250,200,10.0,0,SUCCESS,54061.4355032444,92,10.433787520974874
R1_10_5.txt,1000,250,200,5.0,0,SUCCESS,53946.1962287426,92,5.44162529706955
R1_10_5.txt,1000,250,200,2.0,0,SUCCESS,54017.28018558025,93,2.8451296389102936
R1_10_6.txt,1000,250,200,60.0,0,SUCCESS,51738.45389854908,91,60.44069980084896
R1_10_6.txt,1000,250,200,10.0,0,SUCCESS,52860.988550782204,91,10.536693584173918
R1_10_6.txt,1000,250,200,5.0,0,SUCCESS,50358.01364135742,92,5.695752829313278
R1_10_6.txt,1000,250,200,2.0,0,SUCCESS,50738.13321864605,93,2.5290916338562965
R1_10_7.txt,1000,250,200,60.0,0,SUCCESS,47529.73415064812,91,60.83534261211753
R1_10_7.txt,1000,250,200,10.0,0,SUCCESS,48146.350382208824,91,10.423670683056116
R1_10_7.txt,1000,250,200,5.0,0,SUCCESS,49760.189613342285,91,5.546109214425087
R1_10_7.txt,1000,250,200,2.0,0,SUCCESS,47342.892125725746,92,3.0312908217310905
R1_10_8.txt,1000,250,200,60.0,0,SUCCESS,44945.47058022022,91,60.50883648172021
R1_10_8.txt,1000,250,200,10.0,0,SUCCESS,45723.95893192291,91,10.377482067793608
R1_10_8.txt,1000,250,200,5.0,0,SUCCESS,45623.24289166927,91,5.323691003024578
R1_10_8.txt,1000,250,200,2.0,0,SUCCESS,46357.19630420208,91,3.349867809563875
R1_10_9.txt,1000,250,200,60.0,0,SUCCESS,54325.361948251724,91,60.42384998127818
R1_10_9.txt,1000,250,200,10.0,0,SUCCESS,56629.19838774204,91,10.511077042669058
R1_10_9.txt,1000,250,200,5.0,0,SUCCESS,53002.64958798885,92,5.302240267395973
R1_10_9.txt,1000,250,200,2.0,0,SUCCESS,52528.28771197796,93,2.3396288566291332
R2_10_1.txt,1000,250,1000,60.0,0,SUCCESS,44296.59768176079,19,60.310676880180836
R2_10_1.txt,1000,250,1000,10.0,0,SUCCESS,45415.66844820976,19,10.290224961936474
R2_10_1.txt,1000,250,1000,5.0,0,SUCCESS,43981.41069340706,20,5.3510934710502625
R2_10_1.txt,1000,250,1000,2.0,0,SUCCESS,43324.36760902405,22,2.1931053176522255
R2_10_10.txt,1000,250,1000,60.0,0,SUCCESS,32605.220198869705,19,60.25504532083869
R2_10_10.txt,1000,250,1000,10.0,0,SUCCESS,33778.4200360775,19,10.205047488212585
R2_10_10.txt,1000,250,1000,5.0,0,SUCCESS,34113.53065633774,19,6.001367770135403
R2_10_10.txt,1000,250,1000,2.0,0,SUCCESS,33941.926283836365,19,2.3809796571731567
R2_10_2.txt,1000,250,1000,60.0,0,SUCCESS,35680.128873705864,19,60.177100237458944
R2_10_2.txt,1000,250,1000,10.0,0,SUCCESS,36845.713747859,19,10.43504260852933
R2_10_2.txt,1000,250,1000,5.0,0,SUCCESS,37715.2095849514,19,5.374814663082361
R2_10_2.txt,1000,250,1000,2.0,0,SUCCESS,35324.93055987358,21,2.451104622334242
R2_10_3.txt,1000,250,1000,60.0,0,SUCCESS,27133.19864845276,19,60.3928905017674
R2_10_3.txt,1000,250,1000,10.0,0,SUCCESS,28872.522171378136,19,10.6645911000669
R2_10_3.txt,1000,250,1000,5.0,0,SUCCESS,28698.929161310196,19,5.960757575929165
R2_10_3.txt,1000,250,1000,2.0,0,SUCCESS,27865.882059812546,20,2.893474403768778
R2_10_4.txt,1000,250,1000,60.0,0,SUCCESS,20162.98821079731,19,60.36799197643995
R2_10_4.txt,1000,250,1000,10.0,0,SUCCESS,21232.92244911194,19,10.61663969233632
R2_10_4.txt,1000,250,1000,5.0,0,SUCCESS,21087.085193037987,19,5.203806653618813
R2_10_4.txt,1000,250,1000,2.0,0,SUCCESS,21098.497493982315,19,3.2202430479228497
R2_10_5.txt,1000,250,1000,60.0,0,SUCCESS,38467.982972860336,19,60.24952211230993
R2_10_5.txt,1000,250,1000,10.0,0,SUCCESS,39659.4274058342,19,10.69659036397934
R2_10_5.txt,1000,250,1000,5.0,0,SUCCESS,39976.12369847298,19,5.193370506167412
R2_10_5.txt,1000,250,1000,2.0,0,SUCCESS,39678.69960260391,20,2.25227490067482
R2_10_6.txt,1000,250,1000,60.0,0,SUCCESS,32365.01976799965,19,60.23488276824355
R2_10_6.txt,1000,250,1000,10.0,0,SUCCESS,33920.73690652847,19,10.360139969736338
R2_10_6.txt,1000,250,1000,5.0,0,SUCCESS,33801.86281609535,19,5.741541292518377
R2_10_6.txt,1000,250,1000,2.0,0,SUCCESS,33412.359968304634,20,2.370267938822508
R2_10_7.txt,1000,250,1000,60.0,0,SUCCESS,25898.766998410225,19,60.24186788499355
R2_10_7.txt,1000,250,1000,10.0,0,SUCCESS,27419.147289395332,19,10.729104928672314
R2_10_7.txt,1000,250,1000,5.0,0,SUCCESS,26918.872519493103,19,5.702589891850948
R2_10_7.txt,1000,250,1000,2.0,0,SUCCESS,26788.97494149208,19,2.8385571502149105
R2_10_8.txt,1000,250,1000,60.0,0,SUCCESS,19948.984486937523,19,61.15688706934452
R2_10_8.txt,1000,250,1000,10.0,0,SUCCESS,20748.43558907509,19,10.96123656630516
R2_10_8.txt,1000,250,1000,5.0,0,SUCCESS,20979.881435990334,19,6.044904317706823
R2_10_8.txt,1000,250,1000,2.0,0,SUCCESS,20348.86500787735,19,3.1246346905827522
R2_10_9.txt,1000,250,1000,60.0,0,SUCCESS,35021.31157708168,19,60.5123253390193
R2_10_9.txt,1000,250,1000,10.0,0,SUCCESS,36848.60846042633,19,10.481947004795074
R2_10_9.txt,1000,250,1000,5.0,0,SUCCESS,36766.30450963974,19,5.2274622321128845
R2_10_9.txt,1000,250,1000,2.0,0,SUCCESS,36865.79837703705,19,2.3612568639218807
RC1_10_1.txt,1000,250,200,60.0,0,SUCCESS,48795.12977528572,90,60.520275734364986
RC1_10_1.txt,1000,250,200,10.0,0,SUCCESS,48895.30266499519,91,10.469286490231752
RC1_10_1.txt,1000,250,200,5.0,0,SUCCESS,49228.80361902714,98,5.536604270339012
RC1_10_1.txt,1000,250,200,2.0,0,SUCCESS,50558.30358350277,119,2.579123940318823
RC1_10_10.txt,1000,250,200,60.0,0,SUCCESS,45730.270149707794,90,60.425022296607494
RC1_10_10.txt,1000,250,200,10.0,0,SUCCESS,46982.97795903683,90,10.590314947068691
RC1_10_10.txt,1000,250,200,5.0,0,SUCCESS,47432.54803156853,90,5.467389829456806
RC1_10_10.txt,1000,250,200,2.0,0,SUCCESS,46671.53603553772,91,2.611283402889967
RC1_10_2.txt,1000,250,200,60.0,0,SUCCESS,46444.85894155502,90,60.49342958629131
RC1_10_2.txt,1000,250,200,10.0,0,SUCCESS,47287.90745639801,90,11.60265862941742
RC1_10_2.txt,1000,250,200,5.0,0,SUCCESS,47250.08742070198,91,5.506842233240604
RC1_10_2.txt,1000,250,200,2.0,0,SUCCESS,46704.3276900053,98,2.526981469243765
RC1_10_3.txt,1000,250,200,60.0,0,SUCCESS,44369.4026093483,90,61.99745041877031
RC1_10_3.txt,1000,250,200,10.0,0,SUCCESS,45237.952370762825,90,11.296477798372507
RC1_10_3.txt,1000,250,200,5.0,0,SUCCESS,45345.3795427084,90,5.762045510113239
RC1_10_3.txt,1000,250,200,2.0,0,SUCCESS,45337.1597083807,91,2.912824172526598
RC1_10_4.txt,1000,250,200,60.0,0,SUCCESS,43001.082174539566,90,60.894054122269154
RC1_10_4.txt,1000,250,200,10.0,0,SUCCESS,43717.19638490677,90,10.894204918295145
RC1_10_4.txt,1000,250,200,5.0,0,SUCCESS,44277.64003229141,90,5.576857630163431
RC1_10_4.txt,1000,250,200,2.0,0,SUCCESS,44048.19647085667,90,3.2340198904275894
RC1_10_5.txt,1000,250,200,60.0,0,SUCCESS,47805.383701086044,90,60.447330974042416
RC1_10_5.txt,1000,250,200,10.0,0,SUCCESS,49510.50549197197,90,10.556046016514301
RC1_10_5.txt,1000,250,200,5.0,0,SUCCESS,48712.42467570305,91,5.504145473241806
RC1_10_5.txt,1000,250,200,2.0,0,SUCCESS,48197.87531256676,103,2.895402353256941
RC1_10_6.txt,1000,250,200,60.0,0,SUCCESS,48052.41408324242,90,60.537650015205145
RC1_10_6.txt,1000,250,200,10.0,0,SUCCESS,48943.28617823124,90,10.627076391130686
RC1_10_6.txt,1000,250,200,5.0,0,SUCCESS,48848.53353381157,91,5.429001733660698
RC1_10_6.txt,1000,250,200,2.0,0,SUCCESS,48467.44802546501,103,3.009990442544222
RC1_10_7.txt,1000,250,200,60.0,0,SUCCESS,46801.33684551716,90,60.42376834526658
RC1_10_7.txt,1000,250,200,10.0,0,SUCCESS,48380.10603260994,90,10.624431148171425
RC1_10_7.txt,1000,250,200,5.0,0,SUCCESS,47569.25426888466,91,5.549489267170429
RC1_10_7.txt,1000,250,200,2.0,0,SUCCESS,48004.590601444244,99,2.355714287608862
RC1_10_8.txt,1000,250,200,60.0,0,SUCCESS,46506.230997920036,90,60.73855950310826
RC1_10_8.txt,1000,250,200,10.0,0,SUCCESS,47736.492567777634,90,10.662724781781435
RC1_10_8.txt,1000,250,200,5.0,0,SUCCESS,47979.774209976196,90,5.282321505248547
RC1_10_8.txt,1000,250,200,2.0,0,SUCCESS,46919.38585317135,91,2.769538003951311
RC1_10_9.txt,1000,250,200,60.0,0,SUCCESS,46712.72955870628,90,60.43812085315585
RC1_10_9.txt,1000,250,200,10.0,0,SUCCESS,47804.565514326096,90,10.513304583728313
RC1_10_9.txt,1000,250,200,5.0,0,SUCCESS,47922.67378401756,90,5.405327156186104
RC1_10_9.txt,1000,250,200,2.0,0,SUCCESS,47215.4399330616,91,2.6354532688856125
RC2_10_1.txt,1000,250,1000,60.0,0,SUCCESS,29951.27621805668,24,60.2005499266088
RC2_10_1.txt,1000,250,1000,10.0,0,SUCCESS,30438.583239793777,24,10.251329928636551
RC2_10_1.txt,1000,250,1000,5.0,0,SUCCESS,29950.894691824913,26,5.179410643875599
RC2_10_1.txt,1000,250,1000,2.0,0,SUCCESS,30262.382937431335,30,2.219077233225107
RC2_10_10.txt,1000,250,1000,60.0,0,SUCCESS,24622.223735690117,18,60.40458428859711
RC2_10_10.txt,1000,250,1000,10.0,0,SUCCESS,25865.98712015152,18,10.432749554514885
RC2_10_10.txt,1000,250,1000,5.0,0,SUCCESS,23996.39228129387,19,5.246735326945782
RC2_10_10.txt,1000,250,1000,2.0,0,SUCCESS,23510.173280000687,23,2.3336364962160587
RC2_10_2.txt,1000,250,1000,60.0,0,SUCCESS,25602.65318274498,22,60.30071569979191
RC2_10_2.txt,1000,250,1000,10.0,0,SUCCESS,25612.768416166306,22,10.214104194194078
RC2_10_2.txt,1000,250,1000,5.0,0,SUCCESS,26315.708305120468,27,5.3839536383748055
RC2_10_2.txt,1000,250,1000,2.0,0,SUCCESS,26507.01332473755,29,2.2155205756425858
RC2_10_3.txt,1000,250,1000,60.0,0,SUCCESS,22867.750386595726,18,60.59657111018896
RC2_10_3.txt,1000,250,1000,10.0,0,SUCCESS,21684.79506802559,20,11.151437487453222
RC2_10_3.txt,1000,250,1000,5.0,0,SUCCESS,21797.72795200348,22,5.488916702568531
RC2_10_3.txt,1000,250,1000,2.0,0,SUCCESS,21732.31147456169,25,2.5837347470223904
RC2_10_4.txt,1000,250,1000,60.0,0,SUCCESS,18175.48256933689,18,60.941821582615376
RC2_10_4.txt,1000,250,1000,10.0,0,SUCCESS,18987.94327867031,18,11.162156101316214
RC2_10_4.txt,1000,250,1000,5.0,0,SUCCESS,20156.199921131134,18,5.439685232937336
RC2_10_4.txt,1000,250,1000,2.0,0,SUCCESS,17826.113613963127,21,2.556381244212389
RC2_10_5.txt,1000,250,1000,60.0,0,SUCCESS,28029.347348332405,20,60.26122788339853
RC2_10_5.txt,1000,250,1000,10.0,0,SUCCESS,28504.35858309269,20,10.423173181712627
RC2_10_5.txt,1000,250,1000,5.0,0,SUCCESS,27694.383423686028,22,5.426897253841162
RC2_10_5.txt,1000,250,1000,2.0,0,SUCCESS,27615.040235877037,29,2.2869411446154118
RC2_10_6.txt,1000,250,1000,60.0,0,SUCCESS,29856.30473446846,18,60.203489389270544
RC2_10_6.txt,1000,250,1000,10.0,0,SUCCESS,28078.731110692024,20,10.20535284653306
RC2_10_6.txt,1000,250,1000,5.0,0,SUCCESS,27851.50426542759,23,5.294462241232395
RC2_10_6.txt,1000,250,1000,2.0,0,SUCCESS,27736.290755152702,30,2.2045473642647266
RC2_10_7.txt,1000,250,1000,60.0,0,SUCCESS,27853.23959517479,18,60.39929226785898
RC2_10_7.txt,1000,250,1000,10.0,0,SUCCESS,26984.327104449272,20,10.340662494301796
RC2_10_7.txt,1000,250,1000,5.0,0,SUCCESS,26318.623127818108,21,5.172845900058746
RC2_10_7.txt,1000,250,1000,2.0,0,SUCCESS,26758.27334702015,25,2.28297770768404
RC2_10_8.txt,1000,250,1000,60.0,0,SUCCESS,26604.124059796333,18,60.1956944167614
RC2_10_8.txt,1000,250,1000,10.0,0,SUCCESS,26827.86611521244,19,10.19090947136283
RC2_10_8.txt,1000,250,1000,5.0,0,SUCCESS,25842.048375606537,20,5.276450019329786
RC2_10_8.txt,1000,250,1000,2.0,0,SUCCESS,25488.92172753811,24,2.4459620900452137
RC2_10_9.txt,1000,250,1000,60.0,0,SUCCESS,25942.22172355652,18,60.27965712919831
RC2_10_9.txt,1000,250,1000,10.0,0,SUCCESS,27133.30251944065,18,10.352703843265772
RC2_10_9.txt,1000,250,1000,5.0,0,SUCCESS,24832.605228066444,21,5.252225529402494
RC2_10_9.txt,1000,250,1000,2.0,0,SUCCESS,25218.904917120934,23,2.1905678771436214
